{
    "binary_detection": {
        "precision": 0.5038281231595562,
        "recall": 0.25117147588345135,
        "f1": 0.33522469004216365,
        "auc_roc": 0.777686325554129,
        "auc_pr": 0.3948601266205624,
        "fpr": 0.050271022438414296,
        "confusion_matrix": [
            [
                397907,
                21062
            ],
            [
                63762,
                21387
            ]
        ]
    },
    "triage_classification": {
        "macro_precision": 0.9967638229500886,
        "macro_recall": 0.9978983702531726,
        "macro_f1": 0.997329056438106,
        "confusion_matrix": [
            [
                395,
                0,
                0,
                0,
                0,
                0
            ],
            [
                0,
                1827,
                0,
                0,
                0,
                0
            ],
            [
                0,
                0,
                25520,
                1,
                0,
                0
            ],
            [
                0,
                0,
                1,
                38771,
                7,
                3
            ],
            [
                0,
                0,
                0,
                4,
                18191,
                5
            ],
            [
                0,
                0,
                0,
                5,
                0,
                419
            ]
        ],
        "labels": [
            "Bots",
            "Brute Force",
            "DDoS",
            "DoS",
            "Port Scanning",
            "Web Attacks"
        ]
    }
}